"Abos & Hefte",
"Zu den Angeboten",
"Zu den Angeboten",
"Zu den Angeboten",
"Speichere Touren und füge sie zu deinem Profil hinzu um sie später wieder aufrufen zu können",
"Registriere Dich kostenlos um diese Funktion zu",
"Kostenlos registrieren",
"Überspringen",
"Willst du deine Tour wirklich löschen?",
"Wenn es eine von Dir erstellte Tour ist, ist sie für andere Nutzer auch",
"WERDE COVERMODEL",
"Men's Health Camp",
"Abo, Hefte & E-Paper",
"Men's World",
"Ergebisse anzeigen",
"Themen-Special",
"Orgasmus: Was du über den Höhepunkt jetzt wissen solltest",
"Dmytro Kapitonenko / Shutterstock",
"Orgasmus: So kommen Männer zum Höhepunkt",
"So kommen Männer zum XXL-Höhepunkt",
"Du kennst dich aus mit Höhepunkten? Doch Orgasmus ist nicht gleich Orgasmus",
"Die wichtigsten Fakten über den Gipfel der Lust, die dein Liebesleben garantiert besser machen",
"In diesem Artikel:",
"Was passiert bei einem Orgasmus im Körper?",
"Ist ein Orgasmus gesund?",
"Wie viele Orgasmen hat ein Mann im Leben?",
"Kann ein Mann multiple Orgasmen haben?",
"Vorzeitiger Samenerguss – was tun?",
"Was hilft bei Orgasmusproblemen beim Mann?",
"Was ist ein trockener Orgasmus?",
"Täuschen auch Männer den Orgasmus vor?",
"Wie kann ich meinen Orgasmus verbessern?",
"Kann ich durch Onanieren den Orgasmus verstärken?",
"Wie gelingt ein gemeinsamer Höhepunkt?",
"Fazit: Dein Orgasmus kann mehr",
"Jeder Mann kommt anders",
"Wie würdest du deinen Orgasmus beschreiben? Wie einen Raketenstart, wie der erste Schluck Kaffee nach einer durchzechten Nacht, wie das Ausdrücken einer bis zum Platzen aufgerollten Zahnpastatube? Oder wie die größte Pyroshow, das die Welt je gesehen hat?",
"Und was, wenn du jetzt erfährst, dass dieses rauschhafte Gefühl noch zu steigern ist? Hier kommen Antworten auf die drängendsten Fragen zum männlichen Orgasmus",
"Der ultimative Trainingsplan: Besser im Bett in 8 Wochen",
"Dein Trainingsplan",
"Trainingsplan",
"Besser im Bett in 8 Wochen",
"Trainingsplan",
"für Einsteiger und Fortgeschrittene",
"speziell für mehr Performance im Bett",
"alle Übungen als Bild und Video",
"nur Kurzhanteln nötig",
"Trainingsplan",
"Besser im Bett in 8 Wochen",
"Trainingsplan",
"für Einsteiger und Fortgeschrittene",
"speziell für mehr Performance im Bett",
"alle Übungen als Bild",
"nur Kurzhanteln nötig",
"Du willst mehr Spaß im Bett? Dann aufgepasst! Denn unser zielgerichteter Trainingsplan verpasst dir in nur 8 Wochen mehr Durchhaltevermögen, Stabilität und Beweglichkeit",
"Ideale Voraussetzungen, um im Bett ausdauernder zu performen",
"Plus: Du benötigst für die Umsetzung kaum Trainings-Tools",
"Insofern kannst du jedes Workout bequem zu Hause absolvieren",
"Lediglich Kurzhanteln solltest du parat haben",
"Also, auf geht's!",
"Die speziell konzipierten Workouts schulen nicht nur Ausdauer, Statik und Beweglichkeit, sondern sehen auch eine hohe Intensität vor – wie im Schlafzimmer (oder wo’s sonst noch zur Sache geht)",
"Zudem stärken dich die Übungen in den beliebtesten Stellungen",
"Ein weiterer Nebeneffekt dieses Trainingsplans ist übrigens, dass du ganz nebenbei auch Fett verbrennst und sogar Muskelmasse aufbaust",
"Schließlich spürt auch deine Partnerin, wenn du mit deiner Optik zufrieden bist",
"Nur umsetzen musst du die Workouts selbst",
"3 pro Wochen stehen an, aber das ist es auch wert, oder?",
"Mehr Spaß im Bett? Unser Plan macht's möglich! In 8 Wochen und mit nur 3 Einheiten pro Woche bekommst du mehr Ausdauer, Stabilität und Beweglichkeit bist du leistungsfähiger und kannst so für reichlich lustvolle Momente sorgen",
"Also, Plan runterladen und Liebesleben genießen!",
"Du willst mehr? Hier gibt's alle Pläne",
"Premium-Angebot",
"Personal Coaching buchen!",
"Du willst Muskeln aufbauen oder rundum fitter werden? Unsere Top-Trainer schreiben dir einen",
"maßgeschneiderten",
"Trainings- und/oder Ernährungsplan",
"Jetzt starten",
"Du bist bereits Kunde? Dann logge dich",
"Nach erfolgreicher Zahlung erhältst du eine E-Mail mit einem Download-Link",
"Solltest du Fragen haben, sende eine Nachricht an",
"fitness-shop@motorpresse",
"Was passiert bei einem Orgasmus im Körper?",
"Grundsätzlich lässt sich die Lust in 4 Stufen einteilen: Erregungsphase, Plateauphase, Orgasmusphase und Rückbildungsphase",
"Zu verdanken haben wir dieses Wissen den US-amerikanischen Forschern William Masters und Virginia Johnson, bekannt aus der TV-Serie "Masters of Sex"",
"Die beiden beobachteten in den 60er-Jahren erstmals ein Paar beim Liebesspiel – aus rein wissenschaftlichem Interesse natürlich – und ihre Erkenntnisse haben bis heute Bestand",
"In den ersten beiden Phasen schüttet der Körper verstärkt Sexualhormone wie Testosteron aus, Puls und Blutdruck steigen, die Muskeln spannen sich an",
"Die Durchblutung der Schwellkörper im Penis löst die Erektion aus",
"Aber nicht nur im Genitalbereich herrscht helle Aufregung – auch im Gehirn und im Rückenmark ist Party angesagt: Botenstoffe wie Dopamin und Oxytocin sorgen für einen wahren Gefühlsorkan, Angst und Schmerzen werden ausgeblendet",
"Der Orgasmus selbst äußert sich in rhythmischen, reflexartigen Muskelkontraktionen, die durchschnittlich zwischen 3 und 12 Sekunden dauern",
"Etwa 3 bis 5 Milliliter Ejakulat stößt ein gesunder Mann beim Orgasmus aus, darin tummeln sich im Schnitt 300 Millionen Spermien",
"Sextrend Karezza: Wie Sex ohne Orgasmus dein Liebesleben verbessert",
"Ist ein Orgasmus gesund?",
"Ja, der Orgasmus reduziert Stress und stärkt das Immunsystem",
"Offenbar schüttet der Körper nach dem sexuellen Höhepunkt vermehrt Zellen aus, die körperfremden Angreifern den Garaus machen",
"Wissenschaftler der",
"Eidgenössischen Technischen Hochschule Zürich",
"fanden im Blut von Versuchspersonen nach einem Samenerguss doppelt so viele Killerzellen wie in ihrem Blut vor dem Höhepunkt",
"Das ergibt Sinn, da der Körper es nach einem Geschlechtsakt mit einem ganzen Bündel körperfremder Keime, nämlich denen der Frau, zu tun bekommt",
"Wie viele Orgasmen hat ein Mann im Leben?",
"Laut Statistik kommt ein durchschnittlich aktiver Mann in seinem Leben auf 8",
"000 Orgasmen und ejakuliert dabei insgesamt 30 bis 50 Liter Sperma – so viel wie in ein Kneipenbierfass passt",
"Dass Männer nach dem Sex gerne mal wegdösen, ist übrigens hormonell bedingt: Nach dem Orgasmus wird Prolaktin ausgeschüttet, ein Botenstoff, der für ein befriedigendes Gefühl und innige Verbundenheit mit dem Partner sorgt – aber eben auch müde macht",
"Für viele Männer gibt es übrigens beim Sex eine Art Orgasmusgarantie",
"Laut einer Umfrage kommen 8 von 10 Männern fast immer beim Liebesakt",
"Zudem sind 68 % der deutschen Männer mit der Intensität ihres sexuellen Höhepunkts zufrieden",
"Damit liegen sie über dem internationalen Schnitt von 60 %, fand der Kondomhersteller Durex in einer weltweit angelegten Studie heraus",
"Und: Je häufiger ein Mann Sex hat, desto zufriedener ist er",
"Täglicher Geschlechtsverkehr macht 83 % der Deutschen glücklich",
"Kann ein Mann multiple Orgasmen haben?",
"Interessanterweise ist für einige Männer nach dem ersten Schuss noch lange nicht Schluss, denn ein multipler Orgasmus ist nicht nur dem weiblichen Geschlecht vorbehalten",
"Allerdings erlebt nur etwa 1 % der deutschen Männer regelmäßig den Multi-Orgasmus",
"Solltest du zu den übrigen 99 % gehören – kein Problem! Es gibt viele Tricks, um den Orgasmus hinauszuzögern",
"Beckenboden-Training heißt das Zauberwort",
"Trainiere deinen PC-Muskel (lat",
"Musculus pubococcygeus)",
"Das ist der Muskel, der kontrahiert wird, wenn du den Strahl beim Urinieren unterbrichst",
"Eine weitere Möglichkeit ist die sogenannte "Start-Stopp-Technik": Kurz bevor du ejakulierest, stoppst du mit der Stimulation",
"Meist nimmt der Ejakulationsdrang nach rund einer Minute wieder ab",
"Ziel ist es, den kritischen Punkt ohne Wiederkehr rechtzeitig zu erkennen und ihn konsequent weiter hinauszuschieben – zuerst beim Onanieren",
"Hat man den Höhepunkt selbst unter Kontrolle, legt die/der Partner:in Hand an",
"Wenn die Verzögerungstaktik auch zu zweit klappt, kann's losgehen",
"So gelingt der multiple Orgasmus beim Mann",
"Vorzeitiger Samenerguss – was tun?",
"Medikamente oder betäubende Cremes sind häufig unnötig, um einen vorzeitigen Orgasmus verhindern, da das Problem nicht zwangsläufig körperlicher Natur ist",
""Die Ursachen für vorzeitigen Samenerguss liegen meist auf psychischer Ebene: Ängste, Stress und Leistungsdruck, aber auch Partnerschaftsprobleme können schuld sein", sagt Sexualberater und Buchautor Michael Hanel",
"Aber auch die Gene spielen eine Rolle:",
"Französische Forscher konnten nachweisen",
", dass vorzeitiger Samenerguss die Folge einer Störung im Nervensystem und einer Fehlsteuerung des Hormons Serotonin sein kann",
"Dieser Botenstoff übernimmt eine wichtige Übermittlerfunktion in der biochemischen Reaktionskette beim männlichen Orgasmus, so die Wissenschaftler um François Giuliano",
"Bei etwa 30 % aller Männer, die unter vorzeitigem Samenerguss leiden, sind die Gene schuld, wie eine finnische Studie an eineiigen Zwillingen belegte",
"Gleichzeitig zeigt die Studie, dass neben der genetischen Veranlagung weitere Ursachen eine Rolle spielen",
"Dazu gehören vor allem psychische Faktoren, aber auch chronische Krankheiten wie Diabetes und Multiple Sklerose",
"Das Alter sei dagegen eher unbedeutend, so die Wissenschaftler",
"Schätzungen zufolge leiden insgesamt rund 30 % aller Männer an vorzeitigen Orgasmen",
""Das müsste nicht so sein", sagt der Androloge Frank-Michael Köhn vom",
"Berufsverband Deutscher Internisten",
"(BDI), da bei nicht erblich bedingten vorzeitigem Samenerguss wirksame Behandlungsmöglichkeiten zur Verfügung stünden, wie zum Beispiel die klassische sexualmedizinische Therapie oder auch Medikamente",
"Doch würden sich immer noch zu wenig Männer trauen, das Problem beim Arzt anzusprechen, so der Experte",
"Orgasmus herauszögern: So hast du länger Spaß beim Sex",
"Was hilft bei Orgasmusproblemen beim Mann?",
"Etwa 8 % aller Männer kämpfen gemäß eigener Angabe mit Orgasmusschwierigkeiten: Ein verzögerter oder ausbleibender sexueller Höhepunkt hängt häufig mit dem Alterungsprozess zusammen, insbesondere bei beschnittenen Männern",
"Laut einer Studie der",
"Universität Gent",
"kann der mit der Beschneidung einhergehende Sensibilitätsverlust der Eichel die Ursache für einen fehlenden männlichen Orgasmus sein",
"Aber auch psychosomatische Störungen, Ängste, Prostataentzündung oder die Einnahme von Medikamenten wie Viagra oder Antidepressiva kann die Orgasmusfähigkeit des Mannes herabsetzen",
"Die genaue Ursache kann nur ein Arzt herausfinden",
"Was ist ein trockener Orgasmus?",
"Doch nicht immer, wenn das Ejakulat fehlt, ist der Orgasmus komplett ausgeblieben: Manche Männer erleben einen trockenen Orgasmus, etwa wenn keine Samenflüssigkeit gebildet wurde oder diese in die Harnblase zurückgeflossen ist",
"Mögliche Ursachen für den trockenen Samenerguss sind Veränderungen des Nervensystems oder ein gehemmter Verschluss des Harnblasenschließmuskels",
"Hier kann ein Arzt helfen: Vor allem bei bestehendem Kinderwunsch sollten Betroffene über eine Therapie nachdenken, die durch Medikamente oder Elektrostimulation erfolgen kann",
"Daran liegt's wenn du nicht zum Orgasmus kommst",
"Täuschen auch Männer den Orgasmus vor?",
"Jeder vierte Mann hat schon mal den Höhepunkt vorgetäuscht, wie eine US-Studie belegt",
"Der häufigste Grund ist demnach der Wunsch, den Sex zu beenden, ohne den Partner zu verletzen, so die Forscher der",
"Universität von Kansa",
"s, die ihre Studie im",
"Journal of Sex Research",
"veröffentlichten",
"Weiteres Ergebnis: Orgasmusschwindler sind meist sexuell erfahrener als ihre ehrlichen Altersgenossen",
"Am häufigsten bluffen Männer, wenn ihnen ein Orgasmus in der jeweiligen Situation unwahrscheinlich erscheint und sie den Akt daher beenden möchten",
"Schuld sei meist eine Art Drehbuch im Kopf, wie der Sex ablaufen soll und wann der richtige Zeitpunkt für den Orgasmus ist, glauben die Wissenschaftler",
"Folge: Stress und Leistungsdruck",
"Um die/den Partner:in nicht zu enttäuschen, wird der Höhepunkt dann vorgetäuscht",
"Wie kann ich meinen Orgasmus verbessern?",
"Planung, Vorfreude und ein Schuss Unberechenbarkeit sind die essentiellen Zutaten für den XXL-Orgasmus",
"Von festgelegten Ritualen solltest du dich verabschieden",
""Sex ist heute vielfach zur Kopfsache geworden", warnt Dr",
"Rainer Hartwich vom",
"Repotenz-Zentrum der Heinrich-Mann-Klinik in Bad Liebenstein",
""Das Voraussehbare ist ein absoluter Lustkiller, der im Bett nichts zu suchen hat",
"Außerdem setzen sich viele Männer unter Druck, schrauben ihre Erwartungen zu hoch",
"Sie sind so mit der Befriedigung des Partners beschäftigt, dass die eigene Lust auf der Strecke bleibt",
"" Geh beim Erklimmen des Lustgipfels am besten langsam vor",
""Je länger der Zeitpunkt herausgezögert wird, desto stärker ist die Erregung", sagt Buchautor Dr",
"Frank Sommer",
""Zudem werden die Genitaldrüsen mehr angeregt",
"Das Ejakulationsvolumen nimmt zu und damit das Gefühl beim Kommen",
"" So geht der Orgasmus Deluxe",
"Kann ich durch Onanieren den Orgasmus verstärken?",
"Wahre Sexperten kennen sich und ihren Körper in- und auswendig: Selbstbefriedigung macht’s möglich! Selbst Hand anzulegen ist nicht etwa ein Zeichen für sexuellen Notstand, sondern eine intelligente Art, fürs Liebesspiel zu trainieren",
"Und auch beim Onanieren gilt: Bitte keine Routine! Variiere das Spiel mit dir selbst und lass dir Zeit",
"Wer bis zum Orgasmus länger als 15 Minuten durchhält, überwindet eine magische Grenze und wird mit einem Feuerwerk der Lust belohnt",
"Stimuliere deinen Penis beispielsweise 10 Minuten lang manuell",
"Hast du das Gefühl zu kommen, legst du eine Pause ein und wartest, bis der Druck abgeklungen ist",
"Wiederhole das Spiel mit einem Gleitmittel, denn das rutschige Vergnügen intensiviert das Gefühl",
"Beobachte auch im Alltag, was dich sexuell stimuliert und übertrage dies aufs Onanieren: Es kribbelt im Schritt, obwohl keine Hände im Spiel sind und alles nur im Kopf abläuft? Prima! Versuche das in einem ruhigen Moment noch einmal bis zum Höhepunkt",
"Mentale Stimulation braucht zwar Zeit, schenkt dir aber ganz neue Eindrücke",
"Es ist wie beim Sport: Jede Trainingsminute zahlt sich aus!",
"Wie gelingt ein gemeinsamer Höhepunkt?",
"So präpariert kannst du in das Liebespiel mit deiner/m Partner:in starten",
"Kleine Hilfsmittelchen wie Gleitgel, Sextoys oder ein um Penis und Hodensack getragener Cockring bringen zusätzlichen Spaß",
""Der Cockring vermindert den Blutabfluss, sorgt so für eine prallere Erektion und intensivere Gefühle, vor allem in der Eichel," erklärt Buchautor Dirk Ludigs",
"Falls du das noch nicht probiert hast:",
"Unauffällige Penisringe Made in Germany gibt's bei amazon",
"de schon für 10 Euro",
"Jetzt weißt du genau, wie du dich selbst allein oder gemeinsam mit deiner/deinem Partner:in Lust bereiten kannst",
"Doch auch der weibliche Orgasmus ist kein Buch mit sieben Siegeln! Verführe deine Partnerin, küss sie und gönnt euch beiden ein langsames und intensives Vorspiel",
"Fazit: Dein Orgasmus kann mehr",
"Vielleicht fühlt sich dein Orgasmus schon jetzt ziemlich großartig an",
"Aber es geht noch besser! Wie? Indem du deinem besten Stück mehr Aufmerksamkeit schenkst",
"Statt der schnellen Nummer solltest du auf langsame und raffinierte Stimulation setzen",
"Zögere den Orgasmus hinaus, mach Beckenbodentraining und variiere die Stimulation bei der Selbstbefriedigung",
"Dann erwartet dich ein intensiverer und längerer Orgasmus – dagegen sieht jede Pyroshow wie eine müde Wunderkerze aus",
"Weiblicher Orgasmus",
"Mit diesen 10 Tipps bringst du Frauen zum Höhepunkt",
"Das sind die 11 häufigsten Typen von Frauen beim Orgasmus",
"Weibliche Brustwarzen",
"So wollen Frauen an den Brustwarzen berührt werden",
"Wie du mit weiblichen Brustwarzen umgehen solltest, so dass es ihr",
"Besserer Sex",
"So bringst du mehr Spaß ins Bett und in die Beziehung",
"Wie du durch besseren Sex deine Beziehung verbesserst",
"Orgasmus: So kommen Männer zum Höhepunkt",
"Gewinnspiele",
"Information",
"Datenschutz",
"Privacy Manager",
"Datenschutzanfrage",
"Men's Health Pur FAQ",
"Men‘s Health Camp",
"Active Shopping Days",
"Personal Trainer",
"Übungs-Datenbank",
"Men's Health Pur",
"Mediadaten Print & Online",
"© 2022 Motor Presse Hamburg GmbH & Co",
"KG Verlagsgesellschaft",
"Weitere Angebote der Motor Presse Stuttgart GmbH & Co",
"KG & Motor Presse Hamburg GmbH & Co",
"Auto Motor und Sport",
"Elektrobike",
"Motorradonline",
"Mountainbike",
"Runner's World",
"Women's Health",
"Subscribe for notifications",
"Übersetzung",
"Spell check",
"Konjugation",
"Konjugation",
"Kollaboratives Wörterbuch",
"Reverso Corporate",
"Herunterladen für Windows",
"Registrieren",
"Mit Facebook anmelden",
"Mit Google anmelden",
"Mit Apple anmelden",
"Reverso Premium",
"Laden Sie unserer kostenlos App",
"Übersetzung",
"Spell check",
"Konjugation",
"Kollaboratives Wörterbuch",
"Reverso Corporate",
"Suchverlauf",
"Lesezeichen",
"Herunterladen für Windows",
"Laden Sie unserer",
"Schließen Sie sich Reverso an –",
"gratis und schnell",
"Registrieren",
"Französisch",
"Italienisch",
"Niederländisch",
"Portugiesisch",
"Französisch",
"Italienisch",
"Niederländisch",
"Portugiesisch",
"Diese Beispiele können unhöflich Wörter auf der Grundlage Ihrer Suchergebnis enthalten",
"Diese Beispiele können umgangssprachliche Wörter, die auf der Grundlage Ihrer Suchergebnis enthalten",
"Übersetzung für "Der Mann kommt" im Englisch",
"the man comes",
"the guy comes",
"the man was coming",
"The man enters",
"Sonstige Übersetzungen",
"Der Mann kommt",
"in nördlicher Richtung gegangen",
"The man comes",
", walking toward the north",
"Der Mann kommt",
"rein und steckt dir seine Gummifinger in den Mund, die quietschend gegen deine Zähne reiben",
"The man comes",
"in and the rubbery fingers in your mouth and they're all squeaking against your teeth!",
"Der Mann kommt",
"von der Frau, hängt von der Frau ab, und ist dazu berufen, sein ganzes Leben durch die Frau zu führen",
"out of the woman, depends upon the woman, is called to live all his life through the woman",
"denn er war irgendwie - Sie wissen schon,",
"der Mann kommt",
"aus Brooklyn - er ist ein großer Mann - er sagt,  Aimee, also was passiert, wenn Deine Beine abfallen?",
"Because you know,",
"from Brooklyn; he's a big man",
"He says,  Aimee, so what if your leg falls off?",
"Der Mann kommt",
"rein, Danny überrascht ihn, ein Schuss löst sich, Danny schlägt auf den Kopf, er liegt hier",
"The guy comes",
"in, Danny surprises him, gun goes off",
"Danny brains him, guy ends up here",
"Ich gebe Ihnen den Schmuck",
"Sie geben mir hundert Dollar, und wenn",
"der Mann kommt",
"Genau! Ich wurde betrogen",
"I'll give you the jewelry, you give me a hundred dollars, and when",
"the guy comes",
"I was conned",
"Ritter Gregoire de Fronsac",
"der Mann kommt",
"um die Bestie zu fangen",
"Knight Gregoire de Fronsac",
"the man comes",
"from Paris to",
"catch the Beast",
"Das am Anfang des Textes gegebene "Versprechen auf Unheimliches" werde in der Geschichte auch eingelöst",
""Zentral ist", so Sulzer, "",
"der Mann kommt",
"in eine fremde Gegend, und was ihn umgibt, ist feindlich"",
"The "promise of eeriness" made at the beginning of the text is kept in the story",
""What's central", according to Sulzer, "is that",
"the man comes",
"to an alien environment and everything around him is hostile"",
"Der Mann kommt",
"hierher, sagt allen etwas Angenehmes",
"The man comes",
"here and says nice things to everyone, then leaves",
"Der Mann kommt",
"wegen des Pianos",
"The man is here",
"for the piano",
"Der Mann kommt",
", um mich abzuholen",
"The man is coming",
"to take me away",
"Der Mann kommt",
"gerade aus dem Gefängnis",
"out of prison",
"Der Mann kommt",
"sicher zurück, um seinen Wagen zu holen",
"this guy's coming",
"back for his car",
"Der Mann kommt",
"also nicht zeitig zu seiner Frau zurück?",
"the man doesn't",
"get back to his wife in time",
"Der Mann kommt",
"schließlich alleine aus dem Wasser und berichtet von dem Verschwinden des Kindes",
"The man leaves",
"the water by himself and reports the disappearance of the child",
"Der Mann kommt",
"in das Zimmer, der Lärm wird stärker",
"The man enters",
"the room, the noise increases",
"Der Mann kommt",
"rein, offensichtlich angetrunken,",
"die Frau fragt: "Wo warst du?"",
"in, obviously having tied one on, the woman says, "Where were you?"",
"Der Mann kommt",
"in das Zimmer, der Lärm wird stärker",
"Lichter, Lärm, Freude, Geschenke",
"Am Abend habe ich einen Weinkrampf",
"The man enters",
"the room, the noise increases",
"Lights, noise, joy, gifts",
"In the evening, I have a crying fit",
"der Mann kommt",
"the man's coming",
"der Mann kommt",
"nicht ins Fernsehen",
"Under no circumstances will we put",
"this man on",
"Inhalt möglicherweise unpassend",
"Beispiele werden nur verwendet, um Ihnen bei der Übersetzung des gesuchten Wortes oder der Redewendung in verschiedenen Kontexten zu helfen",
"Sie werden nicht durch uns ausgewählt oder überprüft und können unangemessene Ausdrücke oder Ideen enthalten",
"Bitte melden Sie Beispiele, die bearbeitet oder nicht angezeigt werden sollen",
"Taktlose oder umgangssprachliche Übersetzungen sind generell in Rot oder Orange markiert",
"Registrieren Sie sich für weitere Beispiele sehen",
"Registrieren",
"Für diese Bedeutung wurden keine Ergebnisse gefunden",
"Ein Beispiel vorschlagen",
"Weitere Beispiele laden",
"Ergebnisse:",
"Bearbeitungszeit:",
"Mehr Funktionen mit unserer",
"kostenlosen",
"Sprachübersetzung",
"Funktionen,",
"Konjugation",
"Ein Beispiel vorschlagen",
"Unternehmenslösungen",
"Konjugation",
"Spell check",
"Hilfe und über uns",
"Ausdruckindex:",
"Phrase-index:",
"Über das kontextbezogene Wörterbuch",
"Laden Sie die App",
"Rechtliche Hinweise",
"Datenschutzeinstellungen",
"Translation in context",
"Traduction en contexte",
"Traducción en contexto",
"Tradução em contexto",
"Traduzione in contesto",
"الترجمة في السياق",
"Vertaling in context",
"תרגום בהקשר",
"Перевод в контексте",
"Tłumaczenie w kontekście",
"Traducere în context",
"Översättning i sammanhang",
"İçerik tercümesi",
"Konjugation",
"Reverso Corporate",
"© 2013-2022 Reverso Technologies Inc",
"Alle Rechte vorbehalten",
"Übersetzung",
"Spell check",
"Konjugation",
"Konjugation",
"Kollaboratives Wörterbuch",
"Reverso Corporate",
"Herunterladen für Windows",
"Registrieren",
"Mit Facebook anmelden",
"Mit Google anmelden",
"Mit Apple anmelden",
"Reverso Premium",
"Laden Sie unserer kostenlos App",
"Übersetzung",
"Spell check",
"Konjugation",
"Kollaboratives Wörterbuch",
"Reverso Corporate",
"Suchverlauf",
"Lesezeichen",
"Herunterladen für Windows",
"Laden Sie unserer",
"Schließen Sie sich Reverso an –",
"gratis und schnell",
"Registrieren",
"Französisch",
"Italienisch",
"Niederländisch",
"Portugiesisch",
"Französisch",
"Italienisch",
"Niederländisch",
"Portugiesisch",
"Diese Beispiele können unhöflich Wörter auf der Grundlage Ihrer Suchergebnis enthalten",
"Diese Beispiele können umgangssprachliche Wörter, die auf der Grundlage Ihrer Suchergebnis enthalten",
"Übersetzung für "ein Mann kommt" im Englisch",
"a man comes",
"this guy comes",
"a man walks",
"a man coming",
"a man to make",
"a man enters",
"a man answered",
"Sonstige Übersetzungen",
"Es ist der Stoff von Märchen und Liebesromane rapid",
"ein Mann kommt",
"zusammen lange, fließende Siegel",
"Aber was wenn Ihr auf Haar, ist eigentlich Ausdünnen? Vermeiden Angst - Frauen genießen Haar dass nach unten fließt die bejesus",
"It's the stuff of fairytales and romance novels rapid",
"a man comes",
"along with long, flowing tresses",
"But what when your hair is thinning? May worry - women enjoy hair which flows down the bejesus",
"Doch in der Zwischenzeit, erhebt sich die Ziege von dort, und",
"ein Mann kommt",
"und legt sich auf deren Platz",
"In the meantime, however, the goat gets up and",
"a man comes",
"to lie down in its place",
"ein Mann kommt",
"nach Hause und erwischt seine Frau mit seinem Freund",
"this guy comes",
"home, you see, and he finds his wife with his best friend",
"ein Mann kommt",
"zu mir - tätowiert, mit Pferdeschwanz und Baseball-Kappe - und er hatte seine zwei Töchter dabei und sagte: "Gov', dies sind meine zwei Töchter",
"this guy comes",
"up to me, and he's got tattoos and his ponytail and his baseball cap on, and he had his two daughters with him, and he said, "Gov, these are my two daughters",
"ein Mann kommt",
"aus einer Bar in den Washington Heights",
"a man walks",
"out of a bar in Washington Heights",
"Ein Mann kommt",
"in eine Bar und sieht 3 Maenner und einen Hund die Poker spielen",
"A man walks",
"into a bar and sees three men and a dog playing poker",
"The dog is looking rather glum",
"WEII, was ist, wenn",
"ein Mann kommt",
"along und legt eine Pistole an den Kopf und sagt:",
"Well, what if",
"a man comes",
"along and puts a gun to your head and says:",
"Eine Frau in meinen Jahren ist in der Liebe, in der Liebe sehr erfahren, denn sie weiß, wenn so",
"ein Mann kommt",
", ganz genau, worauf es da im Grunde ankommt",
"A woman as old as me Is very experienced in love, in love for she knows If such",
"a man comes",
"exactly what his game is",
"Ein Mann kommt",
"Sergeant Walker aus Santa Monica, Kalifornien, USA",
"A man comes",
"in - sergeant walker from santa monica, california, usa",
"Ein Mann kommt",
"raus und sie gehen rein",
"A man comes",
"out and in they go",
"Ein Mann kommt",
"mit Neuigkeiten von Ilithyia",
"A man comes",
"with news of Ilithyia",
"Ein Mann kommt",
"in ein Restaurant",
"A man comes",
"into a restaurant",
"Ein Mann kommt",
"nach einem anstrengenden Arbeitstag nach Hause",
"A man comes",
"home and is very tired after working",
"Ein Mann kommt",
"in einen Trödelladen und sucht nach Münzen",
"a man comes",
"into a junk shop looking for coins",
"Ein Mann kommt",
"von seinem wöchentlichen Pokerspiel spät nach Hause",
"A man comes",
"home from his weekly poker game late",
"Ein Mann kommt",
"herein und beruhigt die Frau",
"A man comes",
"in and calms the woman",
"Ein Mann kommt",
"in seinem Leben an einen Scheideweg und er muss eine Entscheidung treffen",
"A man comes",
"to a crossroads in his life, and he has to make a choice",
"Ein Mann kommt",
"mit einem Machetenmesser, und beginnt an den Wurzelknollen zu hacken, wobei er die Masse in kartoffelgroße Brocken zerbricht",
"A man comes",
"with a machete knife and begins to hack at the tubers, breaking the mass into potato sized chunks",
"Ein Mann kommt",
"zu mir stehen und gibt mir unterricht in Geschichte",
"A man comes",
"to me and gives me a lesson in history",
"Ein Mann kommt",
"ins Chinatown von Los Angeles, der aussieht, als ob er direkt aus dem Film "Der letzte Kaiser" käme",
"Er verhindert einen Angriff auf einen chinesischen Händler, wird dabei aber verletzt",
"A man comes",
"to Chinatown of Los Angeles who looks like he stepped out of the movies "The Last Emperor"",
"He prevents an assault on a Chinese merchant but gets hurt in the process",
"Inhalt möglicherweise unpassend",
"Beispiele werden nur verwendet, um Ihnen bei der Übersetzung des gesuchten Wortes oder der Redewendung in verschiedenen Kontexten zu helfen",
"Sie werden nicht durch uns ausgewählt oder überprüft und können unangemessene Ausdrücke oder Ideen enthalten",
"Bitte melden Sie Beispiele, die bearbeitet oder nicht angezeigt werden sollen",
"Taktlose oder umgangssprachliche Übersetzungen sind generell in Rot oder Orange markiert",
"Registrieren Sie sich für weitere Beispiele sehen",
"Registrieren",
"Für diese Bedeutung wurden keine Ergebnisse gefunden",
"Ein Beispiel vorschlagen",
"Weitere Beispiele laden",
"Ergebnisse:",
"Bearbeitungszeit:",
"Mehr Funktionen mit unserer",
"kostenlosen",
"Sprachübersetzung",
"Funktionen,",
"Konjugation",
"Ein Beispiel vorschlagen",
"Unternehmenslösungen",
"Konjugation",
"Spell check",
"Hilfe und über uns",
"Ausdruckindex:",
"Phrase-index:",
"Über das kontextbezogene Wörterbuch",
"Laden Sie die App",
"Rechtliche Hinweise",
"Datenschutzeinstellungen",
"Translation in context",
"Traduction en contexte",
"Traducción en contexto",
"Tradução em contexto",
"Traduzione in contesto",
"الترجمة في السياق",
"Vertaling in context",
"תרגום בהקשר",
"Перевод в контексте",
"Tłumaczenie w kontekście",
"Traducere în context",
"Översättning i sammanhang",
"İçerik tercümesi",
"Konjugation",
"Reverso Corporate",
"© 2013-2022 Reverso Technologies Inc",
"Alle Rechte vorbehalten",
